[
  {
  "id": 267633033,
  "node_id": "MDEwOlJlcG9zaXRvcnkyNjc2MzMwMzM=",
  "name": "spring-framework-petclinic",
  "full_name": "amaggat/Java-AST-Parser",
  "private": false,
  "owner": {
    "login": "amaggat",
    "id": 50716091,
    "node_id": "MDQ6VXNlcjUwNzE2MDkx",
    "avatar_url": "https://avatars.githubusercontent.com/u/50716091?v=4",
    "gravatar_id": "",
    "url": "https://api.github.com/users/amaggat",
    "html_url": "https://github.com/amaggat",
    "followers_url": "https://api.github.com/users/amaggat/followers",
    "following_url": "https://api.github.com/users/amaggat/following{/other_user}",
    "gists_url": "https://api.github.com/users/amaggat/gists{/gist_id}",
    "starred_url": "https://api.github.com/users/amaggat/starred{/owner}{/repo}",
    "subscriptions_url": "https://api.github.com/users/amaggat/subscriptions",
    "organizations_url": "https://api.github.com/users/amaggat/orgs",
    "repos_url": "https://api.github.com/users/amaggat/repos",
    "events_url": "https://api.github.com/users/amaggat/events{/privacy}",
    "received_events_url": "https://api.github.com/users/amaggat/received_events",
    "type": "User",
    "site_admin": false
  },
  "html_url": "https://github.com/amaggat/Java-AST-Parser",
  "description": "Parsing Java to AST using EclipseJDT",
  "fork": false,
  "url": "https://api.github.com/repos/amaggat/Java-AST-Parser",
  "forks_url": "https://api.github.com/repos/amaggat/Java-AST-Parser/forks",
  "keys_url": "https://api.github.com/repos/amaggat/Java-AST-Parser/keys{/key_id}",
  "collaborators_url": "https://api.github.com/repos/amaggat/Java-AST-Parser/collaborators{/collaborator}",
  "teams_url": "https://api.github.com/repos/amaggat/Java-AST-Parser/teams",
  "hooks_url": "https://api.github.com/repos/amaggat/Java-AST-Parser/hooks",
  "issue_events_url": "https://api.github.com/repos/amaggat/Java-AST-Parser/issues/events{/number}",
  "events_url": "https://api.github.com/repos/amaggat/Java-AST-Parser/events",
  "assignees_url": "https://api.github.com/repos/amaggat/Java-AST-Parser/assignees{/user}",
  "branches_url": "https://api.github.com/repos/amaggat/Java-AST-Parser/branches{/branch}",
  "tags_url": "https://api.github.com/repos/amaggat/Java-AST-Parser/tags",
  "blobs_url": "https://api.github.com/repos/amaggat/Java-AST-Parser/git/blobs{/sha}",
  "git_tags_url": "https://api.github.com/repos/amaggat/Java-AST-Parser/git/tags{/sha}",
  "git_refs_url": "https://api.github.com/repos/amaggat/Java-AST-Parser/git/refs{/sha}",
  "trees_url": "https://api.github.com/repos/amaggat/Java-AST-Parser/git/trees{/sha}",
  "statuses_url": "https://api.github.com/repos/amaggat/Java-AST-Parser/statuses/{sha}",
  "languages_url": "https://api.github.com/repos/amaggat/Java-AST-Parser/languages",
  "stargazers_url": "https://api.github.com/repos/amaggat/Java-AST-Parser/stargazers",
  "contributors_url": "https://api.github.com/repos/amaggat/Java-AST-Parser/contributors",
  "subscribers_url": "https://api.github.com/repos/amaggat/Java-AST-Parser/subscribers",
  "subscription_url": "https://api.github.com/repos/amaggat/Java-AST-Parser/subscription",
  "commits_url": "https://api.github.com/repos/amaggat/Java-AST-Parser/commits{/sha}",
  "git_commits_url": "https://api.github.com/repos/amaggat/Java-AST-Parser/git/commits{/sha}",
  "comments_url": "https://api.github.com/repos/amaggat/Java-AST-Parser/comments{/number}",
  "issue_comment_url": "https://api.github.com/repos/amaggat/Java-AST-Parser/issues/comments{/number}",
  "contents_url": "https://api.github.com/repos/amaggat/Java-AST-Parser/contents/{+path}",
  "compare_url": "https://api.github.com/repos/amaggat/Java-AST-Parser/compare/{base}...{head}",
  "merges_url": "https://api.github.com/repos/amaggat/Java-AST-Parser/merges",
  "archive_url": "https://api.github.com/repos/amaggat/Java-AST-Parser/{archive_format}{/ref}",
  "downloads_url": "https://api.github.com/repos/amaggat/Java-AST-Parser/downloads",
  "issues_url": "https://api.github.com/repos/amaggat/Java-AST-Parser/issues{/number}",
  "pulls_url": "https://api.github.com/repos/amaggat/Java-AST-Parser/pulls{/number}",
  "milestones_url": "https://api.github.com/repos/amaggat/Java-AST-Parser/milestones{/number}",
  "notifications_url": "https://api.github.com/repos/amaggat/Java-AST-Parser/notifications{?since,all,participating}",
  "labels_url": "https://api.github.com/repos/amaggat/Java-AST-Parser/labels{/name}",
  "releases_url": "https://api.github.com/repos/amaggat/Java-AST-Parser/releases{/id}",
  "deployments_url": "https://api.github.com/repos/amaggat/Java-AST-Parser/deployments",
  "created_at": "2020-05-28T15:56:59Z",
  "updated_at": "2022-03-29T08:03:27Z",
  "pushed_at": "2021-04-28T08:03:24Z",
  "git_url": "git://github.com/amaggat/Java-AST-Parser.git",
  "ssh_url": "git@github.com:amaggat/Java-AST-Parser.git",
  "clone_url": "https://github.com/amaggat/Java-AST-Parser.git",
  "svn_url": "https://github.com/amaggat/Java-AST-Parser",
  "homepage": "",
  "size": 103,
  "stargazers_count": 0,
  "watchers_count": 0,
  "language": "Java",
  "has_issues": true,
  "has_projects": true,
  "has_downloads": true,
  "has_wiki": true,
  "has_pages": false,
  "forks_count": 0,
  "mirror_url": null,
  "archived": false,
  "disabled": false,
  "open_issues_count": 1,
  "license": null,
  "allow_forking": true,
  "is_template": false,
  "topics": [],
  "visibility": "public",
  "forks": 0,
  "open_issues": 1,
  "watchers": 0,
  "default_branch": "master",
  "permissions": {
    "admin": false,
    "maintain": false,
    "push": true,
    "triage": true,
    "pull": true
  }
},
  {
    "id": 267633033,
    "node_id": "MDEwOlJlcG9zaXRvcnkyNjc2MzMwMzM=",
    "name": "Java-AST-Parser",
    "full_name": "amaggat/Java-AST-Parser",
    "private": false,
    "owner": {
      "login": "amaggat",
      "id": 50716091,
      "node_id": "MDQ6VXNlcjUwNzE2MDkx",
      "avatar_url": "https://avatars.githubusercontent.com/u/50716091?v=4",
      "gravatar_id": "",
      "url": "https://api.github.com/users/amaggat",
      "html_url": "https://github.com/amaggat",
      "followers_url": "https://api.github.com/users/amaggat/followers",
      "following_url": "https://api.github.com/users/amaggat/following{/other_user}",
      "gists_url": "https://api.github.com/users/amaggat/gists{/gist_id}",
      "starred_url": "https://api.github.com/users/amaggat/starred{/owner}{/repo}",
      "subscriptions_url": "https://api.github.com/users/amaggat/subscriptions",
      "organizations_url": "https://api.github.com/users/amaggat/orgs",
      "repos_url": "https://api.github.com/users/amaggat/repos",
      "events_url": "https://api.github.com/users/amaggat/events{/privacy}",
      "received_events_url": "https://api.github.com/users/amaggat/received_events",
      "type": "User",
      "site_admin": false
    },
    "html_url": "https://github.com/amaggat/Java-AST-Parser",
    "description": "Parsing Java to AST using EclipseJDT",
    "fork": false,
    "url": "https://api.github.com/repos/amaggat/Java-AST-Parser",
    "forks_url": "https://api.github.com/repos/amaggat/Java-AST-Parser/forks",
    "keys_url": "https://api.github.com/repos/amaggat/Java-AST-Parser/keys{/key_id}",
    "collaborators_url": "https://api.github.com/repos/amaggat/Java-AST-Parser/collaborators{/collaborator}",
    "teams_url": "https://api.github.com/repos/amaggat/Java-AST-Parser/teams",
    "hooks_url": "https://api.github.com/repos/amaggat/Java-AST-Parser/hooks",
    "issue_events_url": "https://api.github.com/repos/amaggat/Java-AST-Parser/issues/events{/number}",
    "events_url": "https://api.github.com/repos/amaggat/Java-AST-Parser/events",
    "assignees_url": "https://api.github.com/repos/amaggat/Java-AST-Parser/assignees{/user}",
    "branches_url": "https://api.github.com/repos/amaggat/Java-AST-Parser/branches{/branch}",
    "tags_url": "https://api.github.com/repos/amaggat/Java-AST-Parser/tags",
    "blobs_url": "https://api.github.com/repos/amaggat/Java-AST-Parser/git/blobs{/sha}",
    "git_tags_url": "https://api.github.com/repos/amaggat/Java-AST-Parser/git/tags{/sha}",
    "git_refs_url": "https://api.github.com/repos/amaggat/Java-AST-Parser/git/refs{/sha}",
    "trees_url": "https://api.github.com/repos/amaggat/Java-AST-Parser/git/trees{/sha}",
    "statuses_url": "https://api.github.com/repos/amaggat/Java-AST-Parser/statuses/{sha}",
    "languages_url": "https://api.github.com/repos/amaggat/Java-AST-Parser/languages",
    "stargazers_url": "https://api.github.com/repos/amaggat/Java-AST-Parser/stargazers",
    "contributors_url": "https://api.github.com/repos/amaggat/Java-AST-Parser/contributors",
    "subscribers_url": "https://api.github.com/repos/amaggat/Java-AST-Parser/subscribers",
    "subscription_url": "https://api.github.com/repos/amaggat/Java-AST-Parser/subscription",
    "commits_url": "https://api.github.com/repos/amaggat/Java-AST-Parser/commits{/sha}",
    "git_commits_url": "https://api.github.com/repos/amaggat/Java-AST-Parser/git/commits{/sha}",
    "comments_url": "https://api.github.com/repos/amaggat/Java-AST-Parser/comments{/number}",
    "issue_comment_url": "https://api.github.com/repos/amaggat/Java-AST-Parser/issues/comments{/number}",
    "contents_url": "https://api.github.com/repos/amaggat/Java-AST-Parser/contents/{+path}",
    "compare_url": "https://api.github.com/repos/amaggat/Java-AST-Parser/compare/{base}...{head}",
    "merges_url": "https://api.github.com/repos/amaggat/Java-AST-Parser/merges",
    "archive_url": "https://api.github.com/repos/amaggat/Java-AST-Parser/{archive_format}{/ref}",
    "downloads_url": "https://api.github.com/repos/amaggat/Java-AST-Parser/downloads",
    "issues_url": "https://api.github.com/repos/amaggat/Java-AST-Parser/issues{/number}",
    "pulls_url": "https://api.github.com/repos/amaggat/Java-AST-Parser/pulls{/number}",
    "milestones_url": "https://api.github.com/repos/amaggat/Java-AST-Parser/milestones{/number}",
    "notifications_url": "https://api.github.com/repos/amaggat/Java-AST-Parser/notifications{?since,all,participating}",
    "labels_url": "https://api.github.com/repos/amaggat/Java-AST-Parser/labels{/name}",
    "releases_url": "https://api.github.com/repos/amaggat/Java-AST-Parser/releases{/id}",
    "deployments_url": "https://api.github.com/repos/amaggat/Java-AST-Parser/deployments",
    "created_at": "2022-03-28T15:56:59Z",
    "updated_at": "2022-03-28T08:03:27Z",
    "pushed_at": "2021-04-28T08:03:24Z",
    "git_url": "git://github.com/amaggat/Java-AST-Parser.git",
    "ssh_url": "git@github.com:amaggat/Java-AST-Parser.git",
    "clone_url": "https://github.com/amaggat/Java-AST-Parser.git",
    "svn_url": "https://github.com/amaggat/Java-AST-Parser",
    "homepage": "",
    "size": 103,
    "stargazers_count": 0,
    "watchers_count": 0,
    "language": "Java",
    "has_issues": true,
    "has_projects": true,
    "has_downloads": true,
    "has_wiki": true,
    "has_pages": false,
    "forks_count": 0,
    "mirror_url": null,
    "archived": false,
    "disabled": false,
    "open_issues_count": 1,
    "license": null,
    "allow_forking": true,
    "is_template": false,
    "topics": [],
    "visibility": "public",
    "forks": 0,
    "open_issues": 1,
    "watchers": 0,
    "default_branch": "master",
    "permissions": {
      "admin": false,
      "maintain": false,
      "push": true,
      "triage": true,
      "pull": true
    }
  },
  {
    "id": 279828663,
    "node_id": "MDEwOlJlcG9zaXRvcnkyNzk4Mjg2NjM=",
    "name": "Open-Cart",
    "full_name": "amaggat/Open-Cart",
    "private": false,
    "owner": {
      "login": "amaggat",
      "id": 50716091,
      "node_id": "MDQ6VXNlcjUwNzE2MDkx",
      "avatar_url": "https://avatars.githubusercontent.com/u/50716091?v=4",
      "gravatar_id": "",
      "url": "https://api.github.com/users/amaggat",
      "html_url": "https://github.com/amaggat",
      "followers_url": "https://api.github.com/users/amaggat/followers",
      "following_url": "https://api.github.com/users/amaggat/following{/other_user}",
      "gists_url": "https://api.github.com/users/amaggat/gists{/gist_id}",
      "starred_url": "https://api.github.com/users/amaggat/starred{/owner}{/repo}",
      "subscriptions_url": "https://api.github.com/users/amaggat/subscriptions",
      "organizations_url": "https://api.github.com/users/amaggat/orgs",
      "repos_url": "https://api.github.com/users/amaggat/repos",
      "events_url": "https://api.github.com/users/amaggat/events{/privacy}",
      "received_events_url": "https://api.github.com/users/amaggat/received_events",
      "type": "User",
      "site_admin": false
    },
    "html_url": "https://github.com/amaggat/Open-Cart",
    "description": null,
    "fork": false,
    "url": "https://api.github.com/repos/amaggat/Open-Cart",
    "forks_url": "https://api.github.com/repos/amaggat/Open-Cart/forks",
    "keys_url": "https://api.github.com/repos/amaggat/Open-Cart/keys{/key_id}",
    "collaborators_url": "https://api.github.com/repos/amaggat/Open-Cart/collaborators{/collaborator}",
    "teams_url": "https://api.github.com/repos/amaggat/Open-Cart/teams",
    "hooks_url": "https://api.github.com/repos/amaggat/Open-Cart/hooks",
    "issue_events_url": "https://api.github.com/repos/amaggat/Open-Cart/issues/events{/number}",
    "events_url": "https://api.github.com/repos/amaggat/Open-Cart/events",
    "assignees_url": "https://api.github.com/repos/amaggat/Open-Cart/assignees{/user}",
    "branches_url": "https://api.github.com/repos/amaggat/Open-Cart/branches{/branch}",
    "tags_url": "https://api.github.com/repos/amaggat/Open-Cart/tags",
    "blobs_url": "https://api.github.com/repos/amaggat/Open-Cart/git/blobs{/sha}",
    "git_tags_url": "https://api.github.com/repos/amaggat/Open-Cart/git/tags{/sha}",
    "git_refs_url": "https://api.github.com/repos/amaggat/Open-Cart/git/refs{/sha}",
    "trees_url": "https://api.github.com/repos/amaggat/Open-Cart/git/trees{/sha}",
    "statuses_url": "https://api.github.com/repos/amaggat/Open-Cart/statuses/{sha}",
    "languages_url": "https://api.github.com/repos/amaggat/Open-Cart/languages",
    "stargazers_url": "https://api.github.com/repos/amaggat/Open-Cart/stargazers",
    "contributors_url": "https://api.github.com/repos/amaggat/Open-Cart/contributors",
    "subscribers_url": "https://api.github.com/repos/amaggat/Open-Cart/subscribers",
    "subscription_url": "https://api.github.com/repos/amaggat/Open-Cart/subscription",
    "commits_url": "https://api.github.com/repos/amaggat/Open-Cart/commits{/sha}",
    "git_commits_url": "https://api.github.com/repos/amaggat/Open-Cart/git/commits{/sha}",
    "comments_url": "https://api.github.com/repos/amaggat/Open-Cart/comments{/number}",
    "issue_comment_url": "https://api.github.com/repos/amaggat/Open-Cart/issues/comments{/number}",
    "contents_url": "https://api.github.com/repos/amaggat/Open-Cart/contents/{+path}",
    "compare_url": "https://api.github.com/repos/amaggat/Open-Cart/compare/{base}...{head}",
    "merges_url": "https://api.github.com/repos/amaggat/Open-Cart/merges",
    "archive_url": "https://api.github.com/repos/amaggat/Open-Cart/{archive_format}{/ref}",
    "downloads_url": "https://api.github.com/repos/amaggat/Open-Cart/downloads",
    "issues_url": "https://api.github.com/repos/amaggat/Open-Cart/issues{/number}",
    "pulls_url": "https://api.github.com/repos/amaggat/Open-Cart/pulls{/number}",
    "milestones_url": "https://api.github.com/repos/amaggat/Open-Cart/milestones{/number}",
    "notifications_url": "https://api.github.com/repos/amaggat/Open-Cart/notifications{?since,all,participating}",
    "labels_url": "https://api.github.com/repos/amaggat/Open-Cart/labels{/name}",
    "releases_url": "https://api.github.com/repos/amaggat/Open-Cart/releases{/id}",
    "deployments_url": "https://api.github.com/repos/amaggat/Open-Cart/deployments",
    "created_at": "2020-07-15T09:45:12Z",
    "updated_at": "2022-02-21T14:49:21Z",
    "pushed_at": "2022-01-27T14:22:39Z",
    "git_url": "git://github.com/amaggat/Open-Cart.git",
    "ssh_url": "git@github.com:amaggat/Open-Cart.git",
    "clone_url": "https://github.com/amaggat/Open-Cart.git",
    "svn_url": "https://github.com/amaggat/Open-Cart",
    "homepage": null,
    "size": 24341,
    "stargazers_count": 0,
    "watchers_count": 0,
    "language": "Java",
    "has_issues": true,
    "has_projects": true,
    "has_downloads": true,
    "has_wiki": true,
    "has_pages": false,
    "forks_count": 1,
    "mirror_url": null,
    "archived": false,
    "disabled": false,
    "open_issues_count": 1,
    "license": null,
    "allow_forking": true,
    "is_template": false,
    "topics": [],
    "visibility": "public",
    "forks": 1,
    "open_issues": 1,
    "watchers": 0,
    "default_branch": "master",
    "permissions": {
      "admin": false,
      "maintain": false,
      "push": true,
      "triage": true,
      "pull": true
    }
  },
  {
    "id": 188029874,
    "node_id": "MDEwOlJlcG9zaXRvcnkxODgwMjk4NzQ=",
    "name": "jcia-ezc",
    "full_name": "bqcuong/jcia-ezc",
    "private": true,
    "owner": {
      "login": "bqcuong",
      "id": 13081254,
      "node_id": "MDQ6VXNlcjEzMDgxMjU0",
      "avatar_url": "https://avatars.githubusercontent.com/u/13081254?v=4",
      "gravatar_id": "",
      "url": "https://api.github.com/users/bqcuong",
      "html_url": "https://github.com/bqcuong",
      "followers_url": "https://api.github.com/users/bqcuong/followers",
      "following_url": "https://api.github.com/users/bqcuong/following{/other_user}",
      "gists_url": "https://api.github.com/users/bqcuong/gists{/gist_id}",
      "starred_url": "https://api.github.com/users/bqcuong/starred{/owner}{/repo}",
      "subscriptions_url": "https://api.github.com/users/bqcuong/subscriptions",
      "organizations_url": "https://api.github.com/users/bqcuong/orgs",
      "repos_url": "https://api.github.com/users/bqcuong/repos",
      "events_url": "https://api.github.com/users/bqcuong/events{/privacy}",
      "received_events_url": "https://api.github.com/users/bqcuong/received_events",
      "type": "User",
      "site_admin": false
    },
    "html_url": "https://github.com/bqcuong/jcia-ezc",
    "description": "Clone from jciauet/jcia-vt",
    "fork": false,
    "url": "https://api.github.com/repos/bqcuong/jcia-ezc",
    "forks_url": "https://api.github.com/repos/bqcuong/jcia-ezc/forks",
    "keys_url": "https://api.github.com/repos/bqcuong/jcia-ezc/keys{/key_id}",
    "collaborators_url": "https://api.github.com/repos/bqcuong/jcia-ezc/collaborators{/collaborator}",
    "teams_url": "https://api.github.com/repos/bqcuong/jcia-ezc/teams",
    "hooks_url": "https://api.github.com/repos/bqcuong/jcia-ezc/hooks",
    "issue_events_url": "https://api.github.com/repos/bqcuong/jcia-ezc/issues/events{/number}",
    "events_url": "https://api.github.com/repos/bqcuong/jcia-ezc/events",
    "assignees_url": "https://api.github.com/repos/bqcuong/jcia-ezc/assignees{/user}",
    "branches_url": "https://api.github.com/repos/bqcuong/jcia-ezc/branches{/branch}",
    "tags_url": "https://api.github.com/repos/bqcuong/jcia-ezc/tags",
    "blobs_url": "https://api.github.com/repos/bqcuong/jcia-ezc/git/blobs{/sha}",
    "git_tags_url": "https://api.github.com/repos/bqcuong/jcia-ezc/git/tags{/sha}",
    "git_refs_url": "https://api.github.com/repos/bqcuong/jcia-ezc/git/refs{/sha}",
    "trees_url": "https://api.github.com/repos/bqcuong/jcia-ezc/git/trees{/sha}",
    "statuses_url": "https://api.github.com/repos/bqcuong/jcia-ezc/statuses/{sha}",
    "languages_url": "https://api.github.com/repos/bqcuong/jcia-ezc/languages",
    "stargazers_url": "https://api.github.com/repos/bqcuong/jcia-ezc/stargazers",
    "contributors_url": "https://api.github.com/repos/bqcuong/jcia-ezc/contributors",
    "subscribers_url": "https://api.github.com/repos/bqcuong/jcia-ezc/subscribers",
    "subscription_url": "https://api.github.com/repos/bqcuong/jcia-ezc/subscription",
    "commits_url": "https://api.github.com/repos/bqcuong/jcia-ezc/commits{/sha}",
    "git_commits_url": "https://api.github.com/repos/bqcuong/jcia-ezc/git/commits{/sha}",
    "comments_url": "https://api.github.com/repos/bqcuong/jcia-ezc/comments{/number}",
    "issue_comment_url": "https://api.github.com/repos/bqcuong/jcia-ezc/issues/comments{/number}",
    "contents_url": "https://api.github.com/repos/bqcuong/jcia-ezc/contents/{+path}",
    "compare_url": "https://api.github.com/repos/bqcuong/jcia-ezc/compare/{base}...{head}",
    "merges_url": "https://api.github.com/repos/bqcuong/jcia-ezc/merges",
    "archive_url": "https://api.github.com/repos/bqcuong/jcia-ezc/{archive_format}{/ref}",
    "downloads_url": "https://api.github.com/repos/bqcuong/jcia-ezc/downloads",
    "issues_url": "https://api.github.com/repos/bqcuong/jcia-ezc/issues{/number}",
    "pulls_url": "https://api.github.com/repos/bqcuong/jcia-ezc/pulls{/number}",
    "milestones_url": "https://api.github.com/repos/bqcuong/jcia-ezc/milestones{/number}",
    "notifications_url": "https://api.github.com/repos/bqcuong/jcia-ezc/notifications{?since,all,participating}",
    "labels_url": "https://api.github.com/repos/bqcuong/jcia-ezc/labels{/name}",
    "releases_url": "https://api.github.com/repos/bqcuong/jcia-ezc/releases{/id}",
    "deployments_url": "https://api.github.com/repos/bqcuong/jcia-ezc/deployments",
    "created_at": "2019-05-22T12:02:01Z",
    "updated_at": "2021-01-11T04:15:41Z",
    "pushed_at": "2021-04-09T17:08:37Z",
    "git_url": "git://github.com/bqcuong/jcia-ezc.git",
    "ssh_url": "git@github.com:bqcuong/jcia-ezc.git",
    "clone_url": "https://github.com/bqcuong/jcia-ezc.git",
    "svn_url": "https://github.com/bqcuong/jcia-ezc",
    "homepage": null,
    "size": 53653,
    "stargazers_count": 0,
    "watchers_count": 0,
    "language": "Java",
    "has_issues": true,
    "has_projects": true,
    "has_downloads": true,
    "has_wiki": true,
    "has_pages": false,
    "forks_count": 0,
    "mirror_url": null,
    "archived": false,
    "disabled": false,
    "open_issues_count": 0,
    "license": null,
    "allow_forking": true,
    "is_template": false,
    "topics": [],
    "visibility": "private",
    "forks": 0,
    "open_issues": 0,
    "watchers": 0,
    "default_branch": "develop",
    "permissions": {
      "admin": false,
      "maintain": false,
      "push": true,
      "triage": true,
      "pull": true
    }
  }
]