{"rootNode":{"entityClass":"JavaRootNode","idClass":"JavaNode","id":0,"qualifiedName":"{ROOT}","uniqueName":"{ROOT}","simpleName":"{ROOT}","modifiers":null,"dependencyFrom":[],"dependencyTo":[{"node":{"entityClass":"JavaClassNode","idClass":"JavaNode","id":1,"qualifiedName":"Test","uniqueName":"Test","simpleName":"Test"},"dependency":{"invocation":0,"spring":0,"member":1,"override":0,"struts":0,"jsf":0,"use":0,"inheritance":0}}],"children":[{"entityClass":"JavaClassNode","idClass":"JavaNode","id":1,"qualifiedName":"Test","uniqueName":"Test","simpleName":"Test","modifiers":["PUBLIC"],"dependencyFrom":[{"node":{"entityClass":"JavaRootNode","idClass":"JavaNode","id":0,"qualifiedName":"{ROOT}","uniqueName":"{ROOT}","simpleName":"{ROOT}"},"dependency":{"invocation":0,"spring":0,"member":1,"override":0,"struts":0,"jsf":0,"use":0,"inheritance":0}}],"dependencyTo":[{"node":{"entityClass":"JavaMethodNode","idClass":"JavaNode","id":2,"qualifiedName":"Test.main","uniqueName":"Test.main(java.lang.String[])","simpleName":"main"},"dependency":{"invocation":0,"spring":0,"member":1,"override":0,"struts":0,"jsf":0,"use":0,"inheritance":0}}],"children":[{"entityClass":"JavaMethodNode","idClass":"JavaNode","id":2,"qualifiedName":"Test.main","uniqueName":"Test.main(java.lang.String[])","simpleName":"main","modifiers":["PUBLIC","STATIC"],"dependencyFrom":[{"node":{"entityClass":"JavaClassNode","idClass":"JavaNode","id":1,"qualifiedName":"Test","uniqueName":"Test","simpleName":"Test"},"dependency":{"invocation":0,"spring":0,"member":1,"override":0,"struts":0,"jsf":0,"use":0,"inheritance":0}}],"dependencyTo":[],"children":[],"annotates":[],"parameters":[{"entityClass":"JavaSimpleType","idClass":"JavaType","id":null,"describe":"java.lang.String[]","annotates":[],"innerType":{"entityClass":"JavaReferenceType","idClass":"JavaType","id":null,"describe":"java.lang.String","annotates":[],"innerType":null,"arguments":[],"bounds":null},"arguments":null,"bounds":null}],"extendInterfaces":null,"annotatesWithValue":[],"path":"./project/anonymous/tmp-prj/Test345-v1.0.zip.project/Test.java","weight":0}],"annotates":[],"parameters":null,"extendInterfaces":null,"annotatesWithValue":[],"path":"./project/anonymous/tmp-prj/Test345-v1.0.zip.project/Test.java","weight":0}],"annotates":null,"parameters":null,"extendInterfaces":null,"annotatesWithValue":null,"path":null,"weight":0},"dependencies":[{"callerNode":0,"calleeNode":1,"type":{"invocation":0,"spring":0,"member":1,"override":0,"struts":0,"jsf":0,"use":0,"inheritance":0},"weight":0},{"callerNode":1,"calleeNode":2,"type":{"invocation":0,"spring":0,"member":1,"override":0,"struts":0,"jsf":0,"use":0,"inheritance":0},"weight":0}],"orientedDependencies":[{"callerNode":0,"calleeNodes":[{"node":1,"dependency":{"invocation":0,"spring":0,"member":1,"override":0,"struts":0,"jsf":0,"use":0,"inheritance":0}}]},{"callerNode":1,"calleeNodes":[{"node":2,"dependency":{"invocation":0,"spring":0,"member":1,"override":0,"struts":0,"jsf":0,"use":0,"inheritance":0}}]}],"javaNodes":[{"entityClass":"JavaRootNode","idClass":"JavaNode","id":0,"qualifiedName":"{ROOT}","uniqueName":"{ROOT}","simpleName":"{ROOT}","dependencyFrom":[],"dependencyTo":[{"node":{"entityClass":"JavaClassNode","idClass":"JavaNode","id":1,"qualifiedName":"Test","uniqueName":"Test","simpleName":"Test"},"dependency":{"member":1,"use":0,"invocation":0,"override":0,"inheritance":0}}],"children":[1],"annotatesWithValue":[],"parent":0},{"entityClass":"JavaClassNode","idClass":"JavaNode","id":1,"qualifiedName":"Test","uniqueName":"Test","simpleName":"Test","dependencyFrom":[{"node":{"entityClass":"JavaRootNode","idClass":"JavaNode","id":0,"qualifiedName":"{ROOT}","uniqueName":"{ROOT}","simpleName":"{ROOT}"},"dependency":{"member":1,"use":0,"invocation":0,"override":0,"inheritance":0}}],"dependencyTo":[{"node":{"entityClass":"JavaMethodNode","idClass":"JavaNode","id":2,"qualifiedName":"Test.main","uniqueName":"Test.main(java.lang.String[])","simpleName":"main"},"dependency":{"member":1,"use":0,"invocation":0,"override":0,"inheritance":0}}],"children":[2],"annotates":[],"annotatesWithValue":[],"modifiers":["PUBLIC"],"parent":0},{"entityClass":"JavaMethodNode","idClass":"JavaNode","id":2,"qualifiedName":"Test.main","uniqueName":"Test.main(java.lang.String[])","simpleName":"main","dependencyFrom":[{"node":{"entityClass":"JavaClassNode","idClass":"JavaNode","id":1,"qualifiedName":"Test","uniqueName":"Test","simpleName":"Test"},"dependency":{"member":1,"use":0,"invocation":0,"override":0,"inheritance":0}}],"dependencyTo":[],"children":[],"annotates":[],"annotatesWithValue":[],"parameters":[{"entityClass":"JavaSimpleType","idClass":"JavaType","describe":"java.lang.String[]","annotates":[],"innerType":{"entityClass":"JavaReferenceType","idClass":"JavaType","describe":"java.lang.String","annotates":[],"arguments":[]}}],"modifiers":["PUBLIC","STATIC"],"parent":1}],"nodesWeight":[{"node":null,"weight":0},{"node":null,"weight":0},{"node":null,"weight":0}],"jspNodes":[],"propertiesNodes":[],"totalNodes":3,"address":"./project/anonymous/tmp-prj/Test345-v1.0.zip.project","xmlNodes":[]}