[
  {
    "name": "becdd203cb6c663997c37da0dfe466c2d56c2228",
    "author": "Thành Đạt",
    "branch": "refs/heads/master",
    "time": "2021-04-23T13:30:36.000+00:00",
    "message": "Merge pull request #1 from jcia-sqa/develop\n\ninitial upload file service"
  },
  {
    "name": "31b96ba1c759f38c318b7f37f16e1bf509b0792c",
    "author": "=",
    "branch": "refs/heads/master",
    "time": "2021-04-18T15:33:28.000+00:00",
    "message": "initial upload file service\n"
  },
  {
    "name": "e299b787d5c24bdfdc9be197447e4c0aad70a539",
    "author": "Trần Trung Thành",
    "branch": "refs/heads/master",
    "time": "2021-04-13T14:21:36.000+00:00",
    "message": "initial commit\n"
  },
  {
    "name": "3febab2ef75df7a3cb3fc80a2d8567a5a94caed9",
    "author": "Aleister",
    "branch": "refs/heads/master",
    "time": "2021-04-13T11:49:01.000+00:00",
    "message": "initial commit\n"
  },
  {
    "name": "f7da40db5f3079ea3aa62cbaa786c6a2b3b4d533",
    "author": "Aleister",
    "branch": "refs/heads/master",
    "time": "2021-04-13T11:46:26.000+00:00",
    "message": "initial commit\n"
  },
  {
    "name": "ab266c22264a7a17af49baf96add580f85052784",
    "author": "Trần Trung Thành",
    "branch": "refs/heads/master",
    "time": "2021-04-13T10:33:37.000+00:00",
    "message": "Initial commit\n"
  }
]